frame,play,id,x1,y1,w,h,1,-1,-1,-1
60,1,1,448.0774841,233.3230133,65.27554321,164.3928986,1,-1,-1,-1
61,1,1,448.0156364,233.0065378,65.47087297,164.8821704,1,-1,-1,-1
62,1,1,447.9962141,232.9012575,65.59747943,165.174212,1,-1,-1,-1
63,1,1,447.8827785,232.7937827,65.76193861,165.5583162,1,-1,-1,-1
64,1,1,447.7203057,232.6565732,65.93612477,165.9851051,1,-1,-1,-1
65,1,1,447.7108288,232.6208834,65.94100658,166.0331472,1,-1,-1,-1
66,1,1,447.7428681,232.5267947,65.96950359,166.1457059,1,-1,-1,-1
67,1,1,447.7620977,232.48489,65.98758189,166.1816482,1,-1,-1,-1
68,1,1,447.7863519,232.5069168,66.00143514,166.159785,1,-1,-1,-1
69,1,1,447.8147019,232.6745915,65.91592101,165.9101268,1,-1,-1,-1
70,1,1,447.8745228,232.9195171,65.75611277,165.4679542,1,-1,-1,-1
71,1,1,447.905464,233.0027112,65.72135487,165.3358263,1,-1,-1,-1
72,1,1,447.8837777,233.0116228,65.74997491,165.3452042,1,-1,-1,-1
73,1,1,447.8687353,233.1015248,65.73999419,165.2569343,1,-1,-1,-1
74,1,1,447.8490915,233.2205041,65.69318058,165.0626076,1,-1,-1,-1
75,1,1,447.8170644,233.2133341,65.743092,165.0660802,1,-1,-1,-1
76,1,1,447.7405201,233.1197167,65.87652581,165.2951469,1,-1,-1,-1
77,1,1,447.7488468,233.2112194,65.82564734,164.9900143,1,-1,-1,-1
78,1,1,447.752475,233.2779918,65.85771831,164.8519367,1,-1,-1,-1
79,1,1,447.6703659,233.1757205,65.99802558,165.087834,1,-1,-1,-1
80,1,1,447.7138738,233.2228951,65.93440257,164.8943445,1,-1,-1,-1
81,1,1,447.7502667,233.216507,65.96683227,164.8622406,1,-1,-1,-1
82,1,1,447.7221354,233.394313,65.97056794,164.6478684,1,-1,-1,-1
83,1,1,447.7299687,233.4928536,66.05926315,164.5571353,1,-1,-1,-1
84,1,1,447.7346691,233.5479633,66.08763359,164.48549,1,-1,-1,-1
85,1,1,447.7175116,233.5022759,66.16329945,164.599383,1,-1,-1,-1
86,1,1,447.6181485,233.2307192,66.36743564,165.0580805,1,-1,-1,-1
87,1,1,447.546709,232.9815232,66.53280614,165.4625913,1,-1,-1,-1
88,1,1,447.4427318,232.9837613,66.58574361,165.585087,1,-1,-1,-1
89,1,1,447.4988343,233.0621278,66.5298058,165.4433277,1,-1,-1,-1
90,1,1,447.5322698,233.3221551,66.35482224,164.9178606,1,-1,-1,-1
91,1,1,447.3710369,233.1806568,66.61444158,165.4153878,1,-1,-1,-1
92,1,1,447.2584162,232.832416,66.94192161,165.980586,1,-1,-1,-1
93,1,1,447.1890492,232.6979698,67.15440231,166.3474911,1,-1,-1,-1
94,1,1,447.2716638,232.7748916,67.11656396,166.0464829,1,-1,-1,-1
95,1,1,447.2394608,232.6228125,67.1917087,166.2394595,1,-1,-1,-1
96,1,1,447.4553883,232.9837469,66.83159594,165.4089542,1,-1,-1,-1
97,1,1,447.465503,232.9784471,66.85940874,165.5136618,1,-1,-1,-1
98,1,1,446.9071876,233.7846438,68.01792274,168.108794,1,-1,-1,-1
99,1,1,446.7716638,234.3669469,68.2019386,168.4707788,1,-1,-1,-1
100,1,1,446.717768,234.9113163,68.08764137,167.9408127,1,-1,-1,-1
101,1,1,444.5787892,233.9549693,67.44305094,165.9917317,1,-1,-1,-1
102,1,1,442.7939754,234.265244,68.60597752,167.9034346,1,-1,-1,-1
103,1,1,442.1582617,233.5891022,68.39232425,166.4143455,1,-1,-1,-1
104,1,1,438.7107338,234.3655281,69.28739059,167.6328639,1,-1,-1,-1
105,1,1,437.4237701,235.4997059,69.27662828,166.6521388,1,-1,-1,-1
106,1,1,437.4225334,235.5767862,67.89468136,162.591504,1,-1,-1,-1
107,1,1,434.7201619,235.7795891,67.39825655,160.4770606,1,-1,-1,-1
108,1,1,432.5576731,236.4804154,68.96190273,163.422364,1,-1,-1,-1
109,1,1,428.9814519,236.3899282,69.94785604,164.8968354,1,-1,-1,-1
110,1,1,427.4911301,236.7744193,70.21962541,164.7178891,1,-1,-1,-1
111,1,1,426.651207,236.7623229,70.56629048,164.7746763,1,-1,-1,-1
112,1,1,426.2839713,236.9416455,70.56651886,164.2104709,1,-1,-1,-1
113,1,1,423.4138909,236.8557781,70.80124206,164.3153562,1,-1,-1,-1
114,1,1,422.1374978,236.6464983,70.96428361,164.658396,1,-1,-1,-1
115,1,1,422.3830064,236.561006,69.06296036,160.5355217,1,-1,-1,-1
116,1,1,421.7519896,236.6702773,69.99716132,163.026762,1,-1,-1,-1
117,1,1,422.0825272,236.0229654,69.05360181,161.0478667,1,-1,-1,-1
118,1,1,421.5579493,236.2804448,70.17546626,163.7897077,1,-1,-1,-1
119,1,1,421.5313391,236.8778812,70.27259631,164.1869306,1,-1,-1,-1
120,1,1,421.6544611,237.2859724,70.13782003,163.9699271,1,-1,-1,-1
121,1,1,421.9970544,237.7350741,69.66715271,163.0901234,1,-1,-1,-1
122,1,1,422.1311403,237.9723142,69.4877245,162.8975795,1,-1,-1,-1
123,1,1,422.2432609,238.3020621,69.29296657,162.5901201,1,-1,-1,-1
124,1,1,422.3531113,238.5679405,69.08874633,162.1581837,1,-1,-1,-1
125,1,1,422.5567712,239.0246246,68.72825512,161.2713118,1,-1,-1,-1
126,1,1,422.6569239,239.3024577,68.53388518,160.8015461,1,-1,-1,-1
127,1,1,422.9238686,239.6464534,68.14778265,159.9349658,1,-1,-1,-1
128,1,1,422.9726851,239.7034337,68.16416561,159.9032319,1,-1,-1,-1
129,1,1,423.0656879,239.8162822,68.10388944,159.8579696,1,-1,-1,-1
130,1,1,423.2514442,240.1919678,67.69241415,158.8995613,1,-1,-1,-1
131,1,1,423.2470764,240.1198388,67.69727584,158.9724415,1,-1,-1,-1
132,1,1,423.3074502,240.0551717,67.73341805,159.1749071,1,-1,-1,-1
133,1,1,423.2718537,239.8714784,67.88233165,159.6258083,1,-1,-1,-1
134,1,1,423.2452389,239.7101323,67.99036482,159.8904522,1,-1,-1,-1
135,1,1,423.2818111,239.7457095,68.01314192,159.9458869,1,-1,-1,-1
136,1,1,423.4614866,240.045942,67.83087235,159.5150286,1,-1,-1,-1
137,1,1,423.5531001,240.3638126,67.65057024,159.1555604,1,-1,-1,-1
138,1,1,423.2838642,239.7836881,68.1753398,160.3690222,1,-1,-1,-1
139,1,1,423.0313255,239.0768879,68.7169551,161.7646102,1,-1,-1,-1
140,1,1,423.0766003,239.0680342,68.65127344,161.7333856,1,-1,-1,-1
141,1,1,423.0114451,238.9363987,68.72053795,162.1759257,1,-1,-1,-1
142,1,1,423.2438471,239.2615223,68.25448428,161.4810125,1,-1,-1,-1
143,1,1,423.556413,239.8344279,67.5748335,160.2041232,1,-1,-1,-1
144,1,1,423.5246758,239.7446529,67.6231082,160.6653006,1,-1,-1,-1
145,1,1,423.4057183,239.4218798,67.79548242,161.4708367,1,-1,-1,-1
146,1,1,423.310903,239.0210016,67.87048739,161.9485115,1,-1,-1,-1
147,1,1,421.1624016,240.0131718,67.12824394,160.2539255,1,-1,-1,-1
148,1,1,420.2448268,240.7000919,66.73537099,159.3000761,1,-1,-1,-1
149,1,1,419.3730541,242.0512388,67.58704824,161.0565992,1,-1,-1,-1
150,1,1,418.812409,242.9014958,67.95982054,161.3929812,1,-1,-1,-1
151,1,1,415.7963549,243.7262769,68.17434261,160.8743864,1,-1,-1,-1
152,1,1,413.9052897,242.9855904,69.2635388,162.414351,1,-1,-1,-1
153,1,1,412.94434,243.1941501,69.80494152,162.4017886,1,-1,-1,-1
154,1,1,409.7318088,243.6080675,70.04787846,161.6193009,1,-1,-1,-1
155,1,1,407.7489211,242.6956137,71.38086146,163.3520263,1,-1,-1,-1
156,1,1,404.3855226,244.2458306,71.12736499,160.4010505,1,-1,-1,-1
157,1,1,402.6918368,244.4942018,71.69386761,159.7216145,1,-1,-1,-1
158,1,1,399.2493659,245.7873337,71.58521069,157.4934327,1,-1,-1,-1
159,1,1,394.8796664,246.5884131,71.5648881,155.8644422,1,-1,-1,-1
160,1,1,393.335241,247.4965644,71.2660156,154.2330274,1,-1,-1,-1
161,1,1,389.7861171,248.0981042,70.99008589,153.6179337,1,-1,-1,-1
162,1,1,385.4654436,248.7402277,70.67658997,152.9059138,1,-1,-1,-1
163,1,1,381.0253489,252.4400477,69.95973661,151.0677491,1,-1,-1,-1
166,1,1,365.5452086,251.1976409,72.38309382,156.3031645,1,-1,-1,-1
167,1,1,359.9188655,255.6833296,67.45900479,147.1309608,1,-1,-1,-1
168,1,1,352.1288262,255.7079537,64.73172364,141.5676435,1,-1,-1,-1
169,1,1,346.6490053,259.9963547,62.45321106,136.9698856,1,-1,-1,-1
170,1,1,339.1474118,262.0922052,60.77542845,133.9521047,1,-1,-1,-1
171,1,1,333.0448094,262.5134544,60.69552639,134.4299529,1,-1,-1,-1
172,1,1,329.5537873,267.9948042,57.61450052,129.2679391,1,-1,-1,-1
174,1,1,311.9820254,265.0312528,58.12513529,130.2270736,1,-1,-1,-1
175,1,1,304.9692201,263.1864922,59.48289349,133.2948949,1,-1,-1,-1
176,1,1,298.426019,259.7550397,62.21012011,139.4393987,1,-1,-1,-1
177,1,1,294.7555164,256.0023105,65.35266234,146.7700252,1,-1,-1,-1
178,1,1,291.1070059,254.5221795,66.17243201,149.2034085,1,-1,-1,-1
179,1,1,289.7798512,254.0904961,66.05613419,149.6726136,1,-1,-1,-1
180,1,1,289.1971564,250.1994071,66.84584782,152.8680988,1,-1,-1,-1
181,1,1,287.825072,245.092127,68.91998701,159.0206682,1,-1,-1,-1
182,1,1,281.1277973,226.0562142,76.34320307,178.3608492,1,-1,-1,-1
183,1,1,276.1025963,202.6309261,84.39505538,200.8374571,1,-1,-1,-1
184,1,1,274.5683568,186.6456212,86.84055621,211.0842077,1,-1,-1,-1
185,1,1,278.6358381,190.3054749,78.89845173,194.5606494,1,-1,-1,-1
186,1,1,276.9806757,169.1073559,83.02671949,208.28191,1,-1,-1,-1
187,1,1,277.8882341,160.3754172,81.99730868,209.0462385,1,-1,-1,-1
188,1,1,280.7116161,152.7356782,82.12226192,212.3740602,1,-1,-1,-1
189,1,1,282.9834716,152.0654772,79.81638598,208.4835523,1,-1,-1,-1
190,1,1,282.9835719,152.6983182,76.09475923,200.0178861,1,-1,-1,-1
191,1,1,283.4133611,154.209227,73.63440148,194.1944586,1,-1,-1,-1
192,1,1,283.3434477,151.7396473,73.03509396,193.0957189,1,-1,-1,-1
193,1,1,283.0972079,149.9975781,73.51425426,194.853369,1,-1,-1,-1
194,1,1,285.6662286,149.0237339,74.1508593,196.4776705,1,-1,-1,-1
195,1,1,284.4342058,149.7086449,73.39645551,195.000031,1,-1,-1,-1
196,1,1,283.2459592,162.440673,68.20419101,182.6356952,1,-1,-1,-1
197,1,1,283.2055237,174.9954356,65.15295493,175.6111789,1,-1,-1,-1
198,1,1,284.069212,181.8466681,62.15961529,168.2173803,1,-1,-1,-1
199,1,1,281.5711338,190.766367,61.01439796,165.3674246,1,-1,-1,-1
201,1,1,275.9831243,200.2870294,61.79390662,167.7955822,1,-1,-1,-1
202,1,1,275.6514913,204.6859098,60.15580735,163.6545712,1,-1,-1,-1
203,1,1,277.4226348,216.7740774,56.32757326,153.3039203,1,-1,-1,-1
204,1,1,279.7916266,228.8646539,52.01612193,141.1816168,1,-1,-1,-1
205,1,1,277.2027675,238.0438435,56.80065372,153.0525948,1,-1,-1,-1
206,1,1,275.9666082,243.9743108,58.83548793,157.2473801,1,-1,-1,-1
207,1,1,273.4541794,249.0368754,58.00965372,153.7352798,1,-1,-1,-1
208,1,1,272.1611741,250.0604067,58.5051129,153.5392438,1,-1,-1,-1
209,1,1,271.6935689,254.0725959,58.44491674,151.8620724,1,-1,-1,-1
210,1,1,268.2242949,255.0957153,59.36798737,152.5108858,1,-1,-1,-1
211,1,1,266.1153019,254.4697851,60.64100083,154.4058644,1,-1,-1,-1
212,1,1,261.3014953,252.518665,62.88749169,158.2122133,1,-1,-1,-1
213,1,1,256.3904332,251.2610714,64.08018932,159.3178694,1,-1,-1,-1
214,1,1,251.3809125,248.521946,64.73544636,159.2033515,1,-1,-1,-1
215,1,1,245.9829769,246.4712912,66.02872501,160.1316195,1,-1,-1,-1
216,1,1,240.4586559,245.2687698,67.28496127,161.0026216,1,-1,-1,-1
217,1,1,234.9397182,244.7133087,68.41167188,161.8400359,1,-1,-1,-1
218,1,1,227.0601913,244.7625205,68.78373714,161.4267012,1,-1,-1,-1
219,1,1,220.3416519,246.288878,69.95510277,163.6008982,1,-1,-1,-1
220,1,1,215.2127965,247.6833572,70.02576143,163.3889055,1,-1,-1,-1
221,1,1,210.6069995,249.6387859,68.84110059,161.0227597,1,-1,-1,-1
222,1,1,206.8585558,251.2363319,67.28188247,158.1732648,1,-1,-1,-1
223,1,1,201.9584323,251.5975878,67.03945548,158.3890525,1,-1,-1,-1
224,1,1,196.5830729,252.362579,68.20450501,162.2320093,1,-1,-1,-1
225,1,1,191.2291772,252.0470189,68.65968863,164.5034826,1,-1,-1,-1
226,1,1,183.5472469,251.1100815,69.32871025,167.0337622,1,-1,-1,-1
227,1,1,176.971829,251.9075809,70.72909719,171.2134744,1,-1,-1,-1
228,1,1,171.6189177,252.9683752,70.52076181,171.4384597,1,-1,-1,-1
229,1,1,164.0732716,254.1651148,69.95245778,170.9278784,1,-1,-1,-1
230,1,1,158.2030022,256.6083401,69.64898008,171.4095876,1,-1,-1,-1
231,1,1,152.6767834,257.0977344,69.87545798,173.2785814,1,-1,-1,-1
232,1,1,147.6239518,257.7004224,69.31810502,172.8731981,1,-1,-1,-1
233,1,1,140.5222889,258.0063169,69.00891487,172.9666032,1,-1,-1,-1
234,1,1,133.9515442,258.7945574,70.02930749,175.981912,1,-1,-1,-1
235,1,1,127.8140452,258.0796648,71.51614961,180.1978454,1,-1,-1,-1
236,1,1,122.791971,258.3024389,71.88377587,181.270833,1,-1,-1,-1
237,1,1,117.2043208,259.6509648,73.33291752,184.7440233,1,-1,-1,-1
238,1,1,112.5835001,261.3049296,73.3283075,184.1576713,1,-1,-1,-1
239,1,1,107.5062285,264.1595526,74.04327794,184.9266076,1,-1,-1,-1
240,1,1,103.0054182,266.4406177,73.6522602,183.3422297,1,-1,-1,-1
241,1,1,98.43292937,266.8076272,73.55339609,183.4484226,1,-1,-1,-1
242,1,1,94.40810746,267.99542,72.54512199,181.6739266,1,-1,-1,-1
243,1,1,92.17395002,266.482793,73.01251981,184.1487841,1,-1,-1,-1
244,1,1,88.88211397,265.471261,72.833645,185.5952626,1,-1,-1,-1
245,1,1,87.35542915,261.6404735,73.16252808,188.0809949,1,-1,-1,-1
246,1,1,84.38382242,260.4378885,72.7001614,188.5931376,1,-1,-1,-1
247,1,1,80.45511386,258.919346,72.82499842,190.2419002,1,-1,-1,-1
248,1,1,78.47194269,257.1346723,73.40799206,192.9830533,1,-1,-1,-1
249,1,1,77.88415771,255.8424246,73.67737393,194.6960182,1,-1,-1,-1
250,1,1,75.35908018,256.0964005,73.12765792,194.2711591,1,-1,-1,-1
251,1,1,72.17163524,257.8897813,71.42762181,190.7120074,1,-1,-1,-1
251,1,30,638.1004822,288.973822,58.03276371,140.4692505,1,-1,-1,-1
252,1,1,71.05599214,261.8902823,70.41945383,188.8485822,1,-1,-1,-1
252,1,30,640.1358698,286.4863013,59.38013854,143.8225385,1,-1,-1,-1
253,1,1,68.00666092,264.2440743,69.66061522,187.0863561,1,-1,-1,-1
253,1,30,637.035459,284.3522063,60.57652215,146.8612196,1,-1,-1,-1
254,1,1,66.51858754,267.0805051,70.1624876,187.7392411,1,-1,-1,-1
254,1,30,635.1154836,281.5150935,62.08268158,150.8303728,1,-1,-1,-1
255,1,1,65.79709506,268.1306692,70.7177225,188.2345735,1,-1,-1,-1
255,1,30,630.6233896,276.4092299,64.05948084,155.7952899,1,-1,-1,-1
256,1,1,65.55726476,268.7910806,70.8851455,188.0300396,1,-1,-1,-1
256,1,30,627.9838609,271.8798283,66.19853973,161.2333993,1,-1,-1,-1
257,1,1,65.05182951,267.4178603,72.09134804,190.5690941,1,-1,-1,-1
257,1,30,626.7653209,267.3567941,67.65504485,164.5801291,1,-1,-1,-1
258,1,1,64.72563424,266.4010211,72.88923787,191.9389834,1,-1,-1,-1
258,1,30,622.1275889,261.427512,70.94490427,172.318567,1,-1,-1,-1
259,1,1,64.57403939,265.823445,73.42625126,192.7503084,1,-1,-1,-1
259,1,30,619.9605752,256.1508207,72.9651803,176.8928142,1,-1,-1,-1
260,1,1,64.90452997,264.1038074,73.16856267,191.8115571,1,-1,-1,-1
260,1,30,615.6224689,249.2353225,74.93386644,182.030828,1,-1,-1,-1
261,1,1,65.02022044,263.2946561,72.95669631,191.4052925,1,-1,-1,-1
261,1,30,614.051421,244.1674553,75.07396515,183.2056022,1,-1,-1,-1
262,1,1,65.16475525,262.8481032,72.89252105,191.5094477,1,-1,-1,-1
262,1,30,610.1910603,240.7391005,75.76329307,186.0418231,1,-1,-1,-1
263,1,1,65.58955576,263.5727684,72.11871668,189.7885466,1,-1,-1,-1
263,1,30,606.3111226,237.5991425,74.92621075,185.900811,1,-1,-1,-1
264,1,1,65.80092417,263.7019883,71.8206563,189.3950773,1,-1,-1,-1
264,1,30,604.8400777,236.1071117,74.13564501,186.0593167,1,-1,-1,-1
265,1,1,66.00149717,263.8349024,71.53568679,188.9613259,1,-1,-1,-1
265,1,30,601.1098769,236.3229645,74.6317518,189.3058009,1,-1,-1,-1
266,1,1,65.94403598,263.5200154,71.66162819,189.5862108,1,-1,-1,-1
266,1,30,599.9722355,237.3728737,74.06549383,189.1511757,1,-1,-1,-1
267,1,1,65.98874517,263.4530695,71.63650175,189.8119402,1,-1,-1,-1
267,1,30,597.5044871,239.4941532,72.44747512,186.0666983,1,-1,-1,-1
268,1,1,66.19130828,263.4962748,71.54753988,189.8066726,1,-1,-1,-1
268,1,30,596.7639659,240.5738483,71.64094517,184.3622023,1,-1,-1,-1
269,1,1,66.74382069,264.31824,70.957194,188.1818049,1,-1,-1,-1
269,1,30,596.3726908,241.5901281,71.16745081,183.1686785,1,-1,-1,-1
270,1,1,67.00225861,264.6334285,70.86960142,187.6680485,1,-1,-1,-1
270,1,30,593.3672861,241.5582619,71.26721614,183.5049768,1,-1,-1,-1
271,1,1,67.24348486,265.0674661,70.58309109,186.7640006,1,-1,-1,-1
271,1,30,591.9192274,241.7033681,71.25133267,183.6849356,1,-1,-1,-1
272,1,1,69.9948283,265.5067298,70.51642802,185.9370558,1,-1,-1,-1
272,1,30,589.1396417,240.2461581,70.30721163,181.3789195,1,-1,-1,-1
273,1,1,71.30417924,266.2224884,70.11667381,184.3734415,1,-1,-1,-1
273,1,30,587.7095007,239.6108301,69.69860978,180.3206403,1,-1,-1,-1
274,1,1,72.23399121,267.0941299,69.49607685,182.4980689,1,-1,-1,-1
274,1,30,584.7274592,240.2289518,68.75040509,178.1505073,1,-1,-1,-1
275,1,1,73.02006031,268.2488731,68.57952546,180.0077748,1,-1,-1,-1
275,1,30,580.3455216,239.3451107,69.42571321,179.3332103,1,-1,-1,-1
276,1,1,73.17333817,270.8292155,68.67676051,180.2134012,1,-1,-1,-1
276,1,30,578.3445695,239.4339231,69.80820974,179.4111889,1,-1,-1,-1
277,1,1,73.47543651,272.5943061,68.32191984,179.0960191,1,-1,-1,-1
277,1,30,575.4622737,240.8584825,69.18012127,177.0841979,1,-1,-1,-1
278,1,1,78.55205385,271.5930599,69.74651412,181.5133069,1,-1,-1,-1
278,1,30,573.3120492,242.4699503,70.27919445,178.7071004,1,-1,-1,-1
279,1,1,80.58720609,271.5430284,70.53588085,182.1888712,1,-1,-1,-1
279,1,30,570.0211706,244.8847809,70.03483559,176.6372053,1,-1,-1,-1
280,1,1,83.83341501,270.7062348,71.59724212,183.7326508,1,-1,-1,-1
280,1,30,568.8884102,247.0421168,69.5303764,174.0740485,1,-1,-1,-1
281,1,1,85.18501358,271.2123693,71.73810453,183.3010962,1,-1,-1,-1
281,1,30,565.7336369,248.589002,68.96918335,171.4538457,1,-1,-1,-1
282,1,1,85.77963022,270.8995297,71.74257895,182.9746046,1,-1,-1,-1
282,1,30,562.1065504,250.7635852,67.75896421,167.0535323,1,-1,-1,-1
283,1,1,85.85556749,269.7958516,72.52801187,184.3978185,1,-1,-1,-1
283,1,30,560.7333288,252.4436828,66.78473715,163.6974961,1,-1,-1,-1
284,1,1,88.19972979,266.9050115,73.34201545,185.5472783,1,-1,-1,-1
284,1,30,557.3804879,253.4818567,66.62466113,162.0253441,1,-1,-1,-1
285,1,1,92.36684359,266.7810662,72.99443359,183.9183959,1,-1,-1,-1
285,1,30,555.8965869,253.3912082,67.07543252,162.2348,1,-1,-1,-1
286,1,1,97.28093296,266.4449788,72.73041973,182.6510108,1,-1,-1,-1
286,1,30,554.9575889,252.6412789,68.00613006,163.5871214,1,-1,-1,-1
287,1,1,101.7754789,265.8985772,73.48685635,183.6265468,1,-1,-1,-1
287,1,30,554.6021294,252.2176421,68.39639697,164.018667,1,-1,-1,-1
288,1,1,107.0906153,266.4930896,72.64158806,180.9698828,1,-1,-1,-1
288,1,30,551.3475463,251.6455386,69.26841936,165.0967964,1,-1,-1,-1
289,1,1,112.8366362,268.5249191,71.00746407,176.7870361,1,-1,-1,-1
289,1,30,550.0559026,251.3572816,69.98010788,165.6425076,1,-1,-1,-1
290,1,1,121.7211371,272.1018235,68.88447273,171.4409026,1,-1,-1,-1
290,1,30,549.6174312,251.6489007,70.27217769,165.1872762,1,-1,-1,-1
291,1,1,129.0474711,277.6477003,66.5973641,166.0309264,1,-1,-1,-1
291,1,30,549.6174933,252.3333535,70.20136085,163.9228258,1,-1,-1,-1
292,1,1,135.5479857,282.5267646,64.34781914,160.1038149,1,-1,-1,-1
292,1,30,549.8734647,253.4986198,69.90760805,161.9572895,1,-1,-1,-1
293,1,1,140.7906782,285.8177288,64.399003,159.2263437,1,-1,-1,-1
293,1,30,550.3118809,255.0916425,69.18765697,159.0985912,1,-1,-1,-1
294,1,1,148.6420788,287.9102317,64.53401705,157.8924581,1,-1,-1,-1
294,1,30,553.2487328,257.9592993,69.22431757,158.4695218,1,-1,-1,-1
295,1,1,154.3159208,288.4255503,65.35139291,157.9264952,1,-1,-1,-1
295,1,30,554.6111538,260.0544333,68.99806744,157.0242934,1,-1,-1,-1
296,1,1,159.4158054,289.059635,65.59993637,156.7441732,1,-1,-1,-1
296,1,30,553.3372609,263.7911569,66.56121635,151.0912511,1,-1,-1,-1
297,1,1,167.1101871,286.9986216,66.24709273,155.9329496,1,-1,-1,-1
297,1,30,552.8162149,267.4484464,65.76600245,149.6965184,1,-1,-1,-1
298,1,1,169.1292174,284.6772512,67.85403132,157.990856,1,-1,-1,-1
298,1,30,553.3063809,270.3550575,64.04003808,146.4755432,1,-1,-1,-1
299,1,1,171.4409525,280.5355447,70.88832563,164.070673,1,-1,-1,-1
299,1,30,553.9554103,272.5886405,62.33792741,143.1225559,1,-1,-1,-1
300,1,1,171.9155902,274.6407673,73.25531582,169.3580356,1,-1,-1,-1
300,1,30,554.7113336,274.3692935,60.66646867,140.0577011,1,-1,-1,-1
301,1,1,172.9099935,264.8321396,78.03122312,179.648568,1,-1,-1,-1
301,1,30,555.1450376,275.2882571,59.71834837,138.306195,1,-1,-1,-1
302,1,1,175.3998995,253.93767,81.25554651,187.1068686,1,-1,-1,-1
302,1,30,554.5178521,276.0844621,60.80638679,141.715342,1,-1,-1,-1
303,1,1,176.1698995,245.6749792,83.11521036,191.490952,1,-1,-1,-1
303,1,30,554.4835847,276.4120352,60.97760242,142.962043,1,-1,-1,-1
304,1,1,179.6486654,240.4039352,82.63286356,190.4947274,1,-1,-1,-1
304,1,30,554.6001303,276.3561563,60.84384935,143.650613,1,-1,-1,-1
305,1,1,183.8526222,231.8046841,82.57423846,191.4596533,1,-1,-1,-1
305,1,30,555.4454897,275.2213045,59.34966008,141.0530399,1,-1,-1,-1
306,1,1,189.6767187,227.8494705,79.93901776,186.5496803,1,-1,-1,-1
306,1,30,555.3811861,275.3703807,59.88588078,143.4615584,1,-1,-1,-1
307,1,1,196.7545963,223.5866748,76.10541313,179.9097756,1,-1,-1,-1
307,1,30,558.7493932,273.9385235,59.08116517,142.6774147,1,-1,-1,-1
308,1,1,203.2505955,212.1799858,78.49790523,189.487712,1,-1,-1,-1
308,1,30,560.0362636,272.7671086,58.99667334,143.4495013,1,-1,-1,-1
309,1,1,210.8406023,198.977096,80.85874103,198.9977399,1,-1,-1,-1
309,1,30,560.2032068,271.0104117,59.65155253,145.971886,1,-1,-1,-1
310,1,1,214.2643944,190.6887835,81.58374347,203.3731061,1,-1,-1,-1
310,1,30,563.2305809,269.7168867,60.00385408,147.5754965,1,-1,-1,-1
311,1,1,222.7917502,190.8787589,78.50192272,198.470156,1,-1,-1,-1
311,1,30,564.8634035,266.9971406,59.72468537,147.4987942,1,-1,-1,-1
312,1,1,229.7514461,192.3703215,75.90103375,194.4143144,1,-1,-1,-1
312,1,30,567.8384147,263.5252909,61.00767634,151.2071079,1,-1,-1,-1
313,1,1,234.1296107,199.5878322,71.76104596,185.5111945,1,-1,-1,-1
313,1,30,575.5615653,260.9941766,60.177124,149.7184456,1,-1,-1,-1
314,1,1,237.9903694,203.7726779,71.32365964,186.282267,1,-1,-1,-1
314,1,30,578.0316218,257.9403655,61.05862891,152.6553737,1,-1,-1,-1
315,1,1,241.9445756,207.4726886,71.66743396,188.6334519,1,-1,-1,-1
315,1,30,582.1164734,254.2730412,61.0783989,153.3329088,1,-1,-1,-1
316,1,30,584.3137958,251.0549596,59.89907954,151.0343,1,-1,-1,-1
317,1,30,587.4970523,247.9666142,61.01006862,153.9579712,1,-1,-1,-1
318,1,30,591.4543392,246.1596249,61.80766735,156.2880457,1,-1,-1,-1
318,1,1,255.2724742,220.9996046,72.94884277,192.0038556,1,-1,-1,-1
319,1,30,595.4390045,244.2196498,63.05004354,159.5370657,1,-1,-1,-1
319,1,1,260.4769568,231.6908517,71.72228915,188.5623461,1,-1,-1,-1
320,1,30,600.5119829,244.9903114,62.25681185,157.8771454,1,-1,-1,-1
320,1,1,264.4639019,239.0100189,73.08470496,191.2699788,1,-1,-1,-1
321,1,30,604.3922467,243.9316926,58.16084007,147.6179603,1,-1,-1,-1
321,1,1,265.7963244,244.8722675,74.20375109,193.3410056,1,-1,-1,-1
322,1,30,607.8355703,244.0822429,58.63095495,148.9046582,1,-1,-1,-1
322,1,1,269.4666343,257.3975519,73.87336823,190.568869,1,-1,-1,-1
323,1,30,611.1184168,244.4571391,60.98741848,154.8893408,1,-1,-1,-1
323,1,1,274.5302158,264.9885407,72.17935641,185.3053066,1,-1,-1,-1
324,1,30,612.4846375,244.8379438,61.75362199,157.1111296,1,-1,-1,-1
324,1,1,277.4835122,274.0760693,69.42743867,176.8521993,1,-1,-1,-1
325,1,30,615.8820181,245.1126469,62.00535508,158.2214172,1,-1,-1,-1
325,1,1,281.5702096,280.3709686,67.89631877,172.3163007,1,-1,-1,-1
326,1,30,620.005996,244.6443365,62.3391296,159.6969219,1,-1,-1,-1
326,1,1,283.8606175,284.0308208,66.5624167,168.0762431,1,-1,-1,-1
327,1,30,625.2552326,245.8613289,61.28469954,157.6430685,1,-1,-1,-1
327,1,1,286.9691977,284.5025611,66.31043875,166.9910958,1,-1,-1,-1
328,1,30,632.4486309,241.3493409,62.25490497,160.4470079,1,-1,-1,-1
328,1,1,287.9727355,281.8661823,66.91564675,168.1566921,1,-1,-1,-1
329,1,30,638.8703196,241.1957443,61.31019726,158.1113513,1,-1,-1,-1
329,1,1,288.2274723,279.4181981,67.70132056,170.2896264,1,-1,-1,-1
330,1,30,644.02365,240.7834358,61.51743049,158.2007371,1,-1,-1,-1
330,1,1,290.7361461,277.3547928,68.28804712,172.1510465,1,-1,-1,-1
331,1,30,648.7797293,239.9620817,62.25035824,159.5044567,1,-1,-1,-1
331,1,1,291.52862,273.5827536,68.88850417,174.0263882,1,-1,-1,-1
332,1,30,656.325085,238.8866858,63.06003988,161.2473253,1,-1,-1,-1
332,1,1,293.8231605,269.3710638,70.31878107,178.5962928,1,-1,-1,-1
333,1,30,661.755576,237.0078287,64.67288629,164.9049065,1,-1,-1,-1
333,1,1,295.1373092,267.6315863,70.46291641,180.2013781,1,-1,-1,-1
334,1,30,669.5105526,234.1411074,64.92535936,165.0663775,1,-1,-1,-1
334,1,1,295.4230354,262.9683692,71.47495315,183.9280838,1,-1,-1,-1
335,1,30,676.8982511,232.7386464,62.63058136,159.1189404,1,-1,-1,-1
335,1,1,297.8346311,260.063365,72.55584458,187.3100865,1,-1,-1,-1
336,1,30,683.7560344,231.5513182,59.89756574,151.8981012,1,-1,-1,-1
336,1,1,299.8261931,261.9662362,71.21544157,183.6002282,1,-1,-1,-1
337,1,30,688.221423,228.8464983,60.67481819,153.6160627,1,-1,-1,-1
337,1,1,303.7412911,266.8694264,69.76556114,179.0973888,1,-1,-1,-1
338,1,30,692.9379716,228.2582394,60.62656901,153.5887053,1,-1,-1,-1
338,1,1,308.602572,270.0956219,68.66172843,175.3630477,1,-1,-1,-1
339,1,30,697.7575674,228.2292527,60.43094218,152.8621894,1,-1,-1,-1
339,1,1,313.3526924,271.9061504,68.26786553,172.841799,1,-1,-1,-1
340,1,30,702.6151781,228.068479,60.51167894,153.0976323,1,-1,-1,-1
340,1,1,314.5716766,271.785185,69.21963703,173.6550831,1,-1,-1,-1
341,1,30,707.33393,228.8572578,60.28798807,152.0482422,1,-1,-1,-1
341,1,1,315.0740106,271.6733371,69.7535819,173.5851969,1,-1,-1,-1
342,1,30,711.7643858,231.1724205,60.93910713,153.9100308,1,-1,-1,-1
342,1,1,318.2854083,270.923794,69.90640188,173.926441,1,-1,-1,-1
343,1,30,715.6370063,233.4669242,62.23459487,157.7968112,1,-1,-1,-1
343,1,1,324.6810275,269.8166396,65.71778933,163.528589,1,-1,-1,-1
344,1,30,720.1232647,234.5761667,62.50912921,159.2230667,1,-1,-1,-1
344,1,1,330.8005984,267.5891081,62.58541493,156.7404965,1,-1,-1,-1
345,1,30,725.1763092,236.1346833,61.80944946,157.6892163,1,-1,-1,-1
345,1,1,337.1239846,265.8023668,59.33604233,149.777045,1,-1,-1,-1
346,1,30,730.0721094,235.7997678,62.08454296,158.6406525,1,-1,-1,-1
346,1,1,344.6987374,264.2305405,53.82698925,136.3100175,1,-1,-1,-1
347,1,30,735.2027018,236.5358548,61.44858348,157.0585566,1,-1,-1,-1
347,1,1,350.6580989,263.567576,51.83294323,131.7473948,1,-1,-1,-1
348,1,30,742.5493907,236.4451472,61.52394887,157.2482072,1,-1,-1,-1
348,1,1,354.2848546,262.6196504,54.17665154,138.4769513,1,-1,-1,-1
349,1,30,748.1463272,235.520459,62.39292411,158.7921738,1,-1,-1,-1
349,1,1,356.6734666,260.2583854,58.84221803,151.2537135,1,-1,-1,-1
350,1,30,753.3624608,235.5501496,62.66981627,158.9012853,1,-1,-1,-1
350,1,1,359.2815796,256.6303024,62.49332507,161.355063,1,-1,-1,-1
351,1,30,758.1527279,235.7393008,62.93514549,158.8701342,1,-1,-1,-1
351,1,1,360.0920866,254.0406095,64.90827826,168.3762669,1,-1,-1,-1
352,1,30,762.4140243,235.4061055,63.34736893,159.0841485,1,-1,-1,-1
352,1,1,362.932026,252.1443675,66.28392743,172.0833818,1,-1,-1,-1
353,1,30,767.2070646,235.3066358,63.23387599,158.8168556,1,-1,-1,-1
353,1,1,367.1999452,249.4692591,66.14402973,171.400518,1,-1,-1,-1
354,1,30,772.9526545,234.4732856,61.30565605,154.8650625,1,-1,-1,-1
354,1,1,369.1552039,247.9675966,66.49637705,171.9522755,1,-1,-1,-1
355,1,30,777.8359194,233.4284082,60.84033284,154.3280636,1,-1,-1,-1
355,1,1,371.957118,246.2147861,67.86171647,175.4229689,1,-1,-1,-1
356,1,30,783.2847948,232.0435862,59.19306907,150.4450686,1,-1,-1,-1
356,1,1,375.8631619,246.3501643,67.86668965,175.4642702,1,-1,-1,-1
357,1,30,788.7148441,232.8153344,57.42863017,146.1261111,1,-1,-1,-1
357,1,1,378.2407307,247.4487052,66.8374294,172.3760898,1,-1,-1,-1
358,1,30,791.295676,233.1715268,56.63870222,144.3311957,1,-1,-1,-1
358,1,1,382.0869495,248.2426258,66.03691931,169.6816195,1,-1,-1,-1
359,1,30,795.422148,234.7124027,55.02319419,140.5021359,1,-1,-1,-1
359,1,1,387.0442425,248.1255247,64.48016612,165.0728872,1,-1,-1,-1
360,1,30,797.7326647,236.3652731,53.58085578,136.8659709,1,-1,-1,-1
360,1,1,391.8099476,248.0661908,63.6667646,162.7993963,1,-1,-1,-1
361,1,30,799.8605567,239.4415389,56.43102414,144.4200565,1,-1,-1,-1
361,1,1,393.5949831,246.8644216,64.51401459,164.35179,1,-1,-1,-1
362,1,30,803.1144302,242.8926669,57.96998821,148.9222841,1,-1,-1,-1
362,1,1,397.0017138,245.9313959,65.24796839,166.163366,1,-1,-1,-1
363,1,30,806.7652177,245.6537328,59.19765622,152.6005381,1,-1,-1,-1
363,1,1,401.3438265,243.7923058,64.81534223,164.9441325,1,-1,-1,-1
364,1,30,811.0854455,247.410695,59.14683212,152.863126,1,-1,-1,-1
364,1,1,405.7607622,242.0541317,65.31095271,166.3044657,1,-1,-1,-1
365,1,30,813.0251253,248.344488,59.14223937,153.0712313,1,-1,-1,-1
365,1,1,410.1552813,240.9386212,65.69210042,167.0857886,1,-1,-1,-1
366,1,30,816.8352513,249.5241915,58.62033553,151.6972009,1,-1,-1,-1
366,1,1,414.7214231,240.3389669,66.07602313,167.4073611,1,-1,-1,-1
367,1,30,818.4135002,249.8964223,58.54622533,151.2066784,1,-1,-1,-1
367,1,1,419.0805761,240.1820723,66.41378344,167.5346073,1,-1,-1,-1
368,1,30,821.8842758,251.0478184,57.73643165,148.672647,1,-1,-1,-1
368,1,1,421.03534,240.2523819,66.47313682,166.8275811,1,-1,-1,-1
369,1,30,822.7820648,250.2856966,58.64421493,150.3659566,1,-1,-1,-1
369,1,1,424.680962,240.7920356,66.37662554,165.7162105,1,-1,-1,-1
370,1,30,825.5715072,249.7220027,59.30672913,151.5377133,1,-1,-1,-1
370,1,1,428.5830821,240.8573618,66.81553592,165.827658,1,-1,-1,-1
371,1,30,826.544357,249.4866714,59.49535087,151.5217385,1,-1,-1,-1
371,1,1,430.1401597,241.3313705,67.02590166,165.4215963,1,-1,-1,-1
372,1,30,826.6278701,248.6674542,60.22209298,152.8885332,1,-1,-1,-1
372,1,1,433.6582729,241.7710067,66.83625398,164.5209056,1,-1,-1,-1
373,1,30,826.54088,248.1728005,60.89265461,153.9996782,1,-1,-1,-1
373,1,1,435.2492673,242.3155999,66.60827447,163.340402,1,-1,-1,-1
374,1,30,826.242219,247.7915833,61.54361902,154.757435,1,-1,-1,-1
374,1,1,438.4370349,242.0486383,66.65407035,163.3279805,1,-1,-1,-1
375,1,30,828.8053765,247.6028281,61.78049791,154.6946518,1,-1,-1,-1
375,1,1,439.8932585,242.2064864,66.46840242,162.6782071,1,-1,-1,-1
376,1,30,829.7895143,247.6366941,61.95357133,154.6067864,1,-1,-1,-1
376,1,1,440.603021,240.991158,65.79533577,160.8228503,1,-1,-1,-1
377,1,30,829.8919163,247.0145807,62.64155161,155.6707564,1,-1,-1,-1
377,1,1,440.9231351,240.3948799,65.57299528,160.146715,1,-1,-1,-1
378,1,30,829.4729882,245.7692389,63.92129713,157.9667694,1,-1,-1,-1
378,1,1,443.0990983,239.2772103,66.08545162,161.7512219,1,-1,-1,-1
379,1,30,831.6182316,244.1031658,65.38693106,160.7649239,1,-1,-1,-1
379,1,1,444.0042137,238.6991275,66.10597139,162.1201859,1,-1,-1,-1
380,1,30,832.116294,242.7957356,66.57773261,162.8948931,1,-1,-1,-1
380,1,1,444.3377553,238.4631953,66.20380436,162.462335,1,-1,-1,-1
381,1,30,832.7872221,241.0978377,66.01552137,161.0805608,1,-1,-1,-1
381,1,1,444.2386187,238.1698388,66.44923379,163.1019767,1,-1,-1,-1
382,1,30,832.7717304,239.6058961,66.19658788,161.4742952,1,-1,-1,-1
382,1,1,444.1223746,238.2933392,66.48379175,163.0513779,1,-1,-1,-1
383,1,30,836.4171475,238.2488382,64.78106979,158.0555116,1,-1,-1,-1
383,1,1,443.9305276,238.5336088,66.37751689,162.8875848,1,-1,-1,-1
384,1,30,837.6362164,237.2950997,64.56315291,157.5238721,1,-1,-1,-1
384,1,1,443.6961527,238.5352615,66.52300691,163.3425632,1,-1,-1,-1
385,1,30,837.362768,237.7628349,66.14356582,160.4659198,1,-1,-1,-1
385,1,1,443.4823126,238.6063614,66.57205916,163.583482,1,-1,-1,-1
386,1,30,840.4458463,238.7977252,66.27046756,160.3378778,1,-1,-1,-1
386,1,1,443.40369,238.8716447,66.3716209,163.2255834,1,-1,-1,-1
387,1,30,845.185733,241.3293709,64.79015438,156.7841728,1,-1,-1,-1
387,1,1,441.3047404,239.647588,65.89021921,161.7301991,1,-1,-1,-1
388,1,30,847.4619959,242.70961,63.75496332,154.5604922,1,-1,-1,-1
388,1,1,440.0573961,241.4990578,66.24542344,162.0728265,1,-1,-1,-1
389,1,30,851.371766,243.9293111,63.06228648,152.8849818,1,-1,-1,-1
389,1,1,439.7644868,241.0051336,65.67285114,160.3319269,1,-1,-1,-1
390,1,30,853.4373568,245.0811257,62.05583217,149.9851165,1,-1,-1,-1
390,1,1,439.5027303,240.9626383,65.46515056,159.1650896,1,-1,-1,-1
391,1,30,856.9719099,246.1510714,61.57815934,148.1890986,1,-1,-1,-1
391,1,1,439.1843305,240.9257578,65.65571932,158.9433638,1,-1,-1,-1
392,1,30,861.5438955,246.7935645,61.49277102,147.2675493,1,-1,-1,-1
392,1,1,436.8347074,244.4826588,64.81700514,156.2159038,1,-1,-1,-1
393,1,30,865.0478328,244.2922976,63.76226254,151.1522539,1,-1,-1,-1
393,1,1,435.950288,247.0302126,64.21958846,153.6456629,1,-1,-1,-1
394,1,30,868.8799569,239.4823353,65.3749171,154.4606256,1,-1,-1,-1
394,1,1,435.8777501,251.9628693,63.41826208,150.441887,1,-1,-1,-1
395,1,30,872.638099,235.3169858,67.83343162,160.0716917,1,-1,-1,-1
395,1,1,436.1872411,255.2111171,62.47817308,147.0376426,1,-1,-1,-1
396,1,30,877.4353858,234.7318712,68.03601848,160.6139164,1,-1,-1,-1
396,1,1,436.244373,257.4663486,61.93728969,144.4772423,1,-1,-1,-1
397,1,30,882.2972631,233.6833272,68.21104039,162.3632302,1,-1,-1,-1
397,1,1,436.2332704,258.5988743,61.82920797,143.1728569,1,-1,-1,-1
398,1,30,890.6448869,234.5075753,66.88407914,160.7481867,1,-1,-1,-1
398,1,1,436.016152,260.9754153,62.26671025,143.2590033,1,-1,-1,-1
399,1,30,899.5250555,246.3568536,61.6267991,148.7937713,1,-1,-1,-1
399,1,1,435.8813875,262.2541551,62.17479516,142.5231316,1,-1,-1,-1
400,1,30,911.9835002,248.8501796,59.65922249,144.1136036,1,-1,-1,-1
400,1,1,435.9339768,262.8940351,62.04793687,142.108387,1,-1,-1,-1
401,1,30,916.3347823,249.3079556,59.14710201,143.103461,1,-1,-1,-1
401,1,1,436.078321,263.2188469,61.92373036,141.80094,1,-1,-1,-1
402,1,30,920.5420768,249.3538431,59.19478582,142.9478291,1,-1,-1,-1
402,1,1,435.6735039,262.3005435,63.07598074,144.3794344,1,-1,-1,-1
403,1,30,921.822895,247.7055268,60.44995239,145.7879473,1,-1,-1,-1
403,1,1,436.9402368,261.5098203,66.1274123,151.8529463,1,-1,-1,-1
404,1,30,924.7107213,246.3591889,61.56394474,148.6163016,1,-1,-1,-1
404,1,1,438.1108343,262.3797056,66.3048071,152.9172174,1,-1,-1,-1
405,1,30,927.8794255,243.2955011,63.27696505,153.1248537,1,-1,-1,-1
405,1,1,438.5614583,265.1839219,66.65358485,154.1593563,1,-1,-1,-1
406,1,30,928.2493051,237.1600525,65.47971004,159.3940511,1,-1,-1,-1
406,1,1,439.0588706,267.1492168,66.09751278,152.8755455,1,-1,-1,-1
407,1,30,927.6705747,229.1265336,68.23381036,166.9596653,1,-1,-1,-1
407,1,1,441.6632925,266.8980075,66.82339683,154.8587805,1,-1,-1,-1
408,1,30,928.837323,220.1768774,71.4206149,176.3348386,1,-1,-1,-1
408,1,1,442.7092563,266.3126362,67.46681772,156.6718157,1,-1,-1,-1
409,1,30,926.357327,195.0437242,79.54146021,198.3840217,1,-1,-1,-1
409,1,1,445.8408642,265.728189,67.8659126,158.0596352,1,-1,-1,-1
410,1,30,924.9117558,174.1027954,83.32720227,210.4559566,1,-1,-1,-1
410,1,1,447.1596337,265.1760794,68.05100842,158.5927605,1,-1,-1,-1
411,1,30,925.3281155,162.4368679,82.45098661,210.5953668,1,-1,-1,-1
411,1,1,450.745995,265.2759182,67.46352505,157.5189693,1,-1,-1,-1
412,1,30,927.6271674,161.9313374,77.81227482,201.5786142,1,-1,-1,-1
412,1,1,452.5837523,265.8671133,66.87642421,156.5935765,1,-1,-1,-1
413,1,30,930.9718971,158.3193926,76.2561901,199.9307748,1,-1,-1,-1
413,1,1,453.5300124,266.3321014,66.40359314,155.9821353,1,-1,-1,-1
414,1,30,934.4403448,166.0269134,71.32723461,188.0896568,1,-1,-1,-1
414,1,1,456.7453255,266.595028,66.08161563,155.711701,1,-1,-1,-1
415,1,30,936.3138155,166.9200964,68.5698643,181.8909555,1,-1,-1,-1
415,1,1,457.7257233,268.1549381,66.76877791,157.712834,1,-1,-1,-1
416,1,30,936.0044915,161.5931615,69.08461774,184.57282,1,-1,-1,-1
416,1,1,461.0742883,269.6425476,66.54586576,157.8155946,1,-1,-1,-1
417,1,30,939.4782248,162.007246,67.47546767,180.6557383,1,-1,-1,-1
417,1,1,462.1234031,272.1259206,67.36564514,160.1001684,1,-1,-1,-1
418,1,30,938.0149229,159.5732718,66.79104166,178.8132091,1,-1,-1,-1
418,1,1,465.1221221,275.3571843,68.07326968,161.8352647,1,-1,-1,-1
419,1,30,940.0319863,158.9058793,66.87071331,178.4779574,1,-1,-1,-1
419,1,1,466.4677892,279.4558601,67.95851572,161.8403035,1,-1,-1,-1
420,1,30,940.9046319,161.6165268,66.97752897,177.7713714,1,-1,-1,-1
420,1,1,467.5372909,282.7678778,66.7990759,158.9704421,1,-1,-1,-1
421,1,30,942.8938461,162.1850968,69.42883889,184.4837342,1,-1,-1,-1
421,1,1,468.3010645,284.9881335,65.95975012,156.5617485,1,-1,-1,-1
422,1,30,943.606074,164.9233854,70.53618534,188.4334465,1,-1,-1,-1
422,1,1,471.291619,286.6011148,65.4583518,154.353087,1,-1,-1,-1
423,1,30,945.2175862,172.7934616,68.41054202,182.8537547,1,-1,-1,-1
423,1,1,472.1438634,287.0807224,65.61303015,153.6682616,1,-1,-1,-1
424,1,30,945.8457,178.9749362,67.72890512,181.0304882,1,-1,-1,-1
424,1,1,472.1281894,286.6410294,66.20181214,154.238149,1,-1,-1,-1
425,1,30,946.4018413,186.0502972,66.44769068,177.7386485,1,-1,-1,-1
425,1,1,471.7393383,285.9236741,67.02229107,155.1938394,1,-1,-1,-1
426,1,30,945.6154199,189.5953326,67.89686891,180.9691462,1,-1,-1,-1
426,1,1,468.4295011,284.1955763,68.27268395,157.5177246,1,-1,-1,-1
427,1,30,948.5957484,195.1650789,67.38363806,179.5442061,1,-1,-1,-1
427,1,1,467.0566625,281.1976856,68.78352633,158.2955196,1,-1,-1,-1
428,1,30,948.3825119,199.6424502,70.11179468,186.4469133,1,-1,-1,-1
428,1,1,465.5679417,277.5369708,70.6710561,162.6595584,1,-1,-1,-1
429,1,30,951.0220521,214.9635429,66.01089134,174.426316,1,-1,-1,-1
429,1,1,464.8851476,273.0450098,71.57116037,165.3992924,1,-1,-1,-1
430,1,30,955.1121334,224.2741903,63.8349066,168.6734527,1,-1,-1,-1
430,1,1,461.0331325,268.5566438,73.24331903,170.6590059,1,-1,-1,-1
431,1,30,956.8087439,227.9371341,63.03195808,166.4105249,1,-1,-1,-1
431,1,1,459.5371341,264.2678673,73.37145114,172.1576384,1,-1,-1,-1
432,1,30,957.2487321,229.3399596,62.2472068,163.9905813,1,-1,-1,-1
432,1,1,456.2692086,261.7546398,73.09324016,173.2652862,1,-1,-1,-1
433,1,30,957.760171,230.2508022,61.55533432,162.3241084,1,-1,-1,-1
433,1,1,455.3928842,259.619158,71.42989352,170.9731934,1,-1,-1,-1
434,1,30,958.0630381,227.1384914,61.66129691,163.0869307,1,-1,-1,-1
434,1,1,452.1610459,258.5744056,70.68232618,171.0603734,1,-1,-1,-1
435,1,30,959.9015137,222.6566209,63.78210127,169.038328,1,-1,-1,-1
435,1,1,448.469861,258.4670372,69.7105453,170.779454,1,-1,-1,-1
436,1,30,960.4934716,218.7206887,64.34757338,170.6405401,1,-1,-1,-1
436,1,1,446.811346,258.0801353,68.8874236,170.361071,1,-1,-1,-1
437,1,30,960.2729399,215.5415149,65.54556826,174.0755382,1,-1,-1,-1
437,1,1,444.7106249,257.7618291,66.31693842,165.3907886,1,-1,-1,-1
438,1,30,959.9021257,214.0126876,66.45320022,176.4883488,1,-1,-1,-1
438,1,1,444.2070521,258.4631904,64.3219699,161.4651798,1,-1,-1,-1
439,1,30,960.7055828,214.5794805,65.4932781,174.7609565,1,-1,-1,-1
439,1,1,441.4378827,258.5042743,63.54441624,160.246778,1,-1,-1,-1
440,1,30,960.72944,216.4099714,65.70984299,175.5231598,1,-1,-1,-1
440,1,1,440.3382716,258.6388493,62.97421006,159.4807074,1,-1,-1,-1
441,1,30,960.8374234,218.0490047,65.46310345,174.8567703,1,-1,-1,-1
441,1,1,439.5834137,258.6175853,62.74782077,159.4548779,1,-1,-1,-1
442,1,30,960.6866455,221.2966746,65.48140681,174.539355,1,-1,-1,-1
442,1,1,436.631174,258.1641916,62.90613495,160.1673226,1,-1,-1,-1
443,1,30,961.3888499,225.2701463,64.27276516,170.426347,1,-1,-1,-1
443,1,1,435.2815606,257.5916357,63.15331324,160.8361914,1,-1,-1,-1
444,1,30,961.4394331,229.1069139,64.28384296,169.184889,1,-1,-1,-1
444,1,1,431.9189052,257.1322052,63.51699303,161.5851796,1,-1,-1,-1
445,1,30,961.2991165,231.1978811,64.47853468,168.2379889,1,-1,-1,-1
445,1,1,430.0298151,256.2623663,64.37746387,163.7193349,1,-1,-1,-1
446,1,30,960.6758511,231.1379814,65.5482484,169.4102939,1,-1,-1,-1
446,1,1,429.303821,255.9314516,64.65394232,164.3607805,1,-1,-1,-1
447,1,30,959.8234631,230.264539,66.8308596,171.3566587,1,-1,-1,-1
447,1,1,428.8669061,255.6538898,65.13131542,165.5483183,1,-1,-1,-1
448,1,30,955.8310253,228.9236771,68.57742107,174.12878,1,-1,-1,-1
448,1,1,425.5109091,254.8595706,65.96401995,167.7371493,1,-1,-1,-1
449,1,30,954.3764158,228.5349448,68.9871996,174.1271474,1,-1,-1,-1
449,1,1,424.3357942,255.0596759,65.63617042,167.0536652,1,-1,-1,-1
1021,2,49,255.1679497,352.6454895,82.56061542,162.805072,1,-1,-1,-1
1021,2,30,975.4466769,267.8493614,69.60523319,175.0007882,1,-1,-1,-1
1022,2,49,254.9807188,352.2126202,83.01290791,163.636748,1,-1,-1,-1
1022,2,30,980.0986249,276.5271123,69.99241177,175.348752,1,-1,-1,-1
1023,2,49,254.834439,351.9369747,83.3190545,164.1480227,1,-1,-1,-1
1023,2,30,981.6081094,279.4826178,70.26616944,175.5359235,1,-1,-1,-1
1024,2,49,254.5696266,351.3646026,83.88415539,165.141732,1,-1,-1,-1
1024,2,30,981.9935058,280.2475325,70.58278257,175.9481937,1,-1,-1,-1
1025,2,49,254.3426728,350.747458,84.41809297,166.0692205,1,-1,-1,-1
1025,2,30,982.0149533,280.3350814,70.79745205,176.0811834,1,-1,-1,-1
1026,2,49,254.1028205,350.2510127,84.92699267,166.8821071,1,-1,-1,-1
1026,2,30,981.8116871,280.082449,71.09324971,176.4429698,1,-1,-1,-1
1027,2,49,253.7935718,349.7223177,85.52133103,167.8998552,1,-1,-1,-1
1027,2,30,981.6283513,279.7462518,71.31780428,176.7056572,1,-1,-1,-1
1028,2,49,253.5107991,349.2754117,86.06243454,168.710678,1,-1,-1,-1
1028,2,30,981.5145495,279.6611984,71.31381269,176.4122361,1,-1,-1,-1
1029,2,49,253.2165532,348.7589892,86.65578796,169.6472687,1,-1,-1,-1
1029,2,30,981.3341225,279.3004705,71.48620145,176.6548859,1,-1,-1,-1
1030,2,49,252.9044449,348.157047,87.33398548,170.7180484,1,-1,-1,-1
1030,2,30,981.2695011,279.1564163,71.51727508,176.6087318,1,-1,-1,-1
1031,2,49,252.5772625,347.6171822,87.96521594,171.6252113,1,-1,-1,-1
1031,2,30,981.1699874,278.893024,71.58698353,176.6893239,1,-1,-1,-1
1032,2,49,252.5605391,347.483437,88.08734769,171.7205874,1,-1,-1,-1
1032,2,30,981.0928297,278.7399863,71.60779182,176.6537407,1,-1,-1,-1
1033,2,49,255.219442,346.9606455,88.45745202,172.5887271,1,-1,-1,-1
1033,2,30,980.9485554,278.4534383,71.75261418,176.9329377,1,-1,-1,-1
1034,2,49,256.2399616,346.7711047,88.52280012,172.9828668,1,-1,-1,-1
1034,2,30,980.8167893,278.149236,71.91321216,177.3538704,1,-1,-1,-1
1035,2,49,254.0096944,346.9982728,88.18859872,172.3746681,1,-1,-1,-1
1035,2,30,980.6939993,277.749971,72.1026887,177.8837672,1,-1,-1,-1
1036,2,49,255.8514841,346.7893244,88.31919311,172.8406744,1,-1,-1,-1
1036,2,30,980.4752372,277.2333002,72.4567418,178.7504463,1,-1,-1,-1
1037,2,49,256.4975158,346.4166894,88.47054271,173.3846709,1,-1,-1,-1
1037,2,30,980.3392198,276.977501,72.63597726,179.0474231,1,-1,-1,-1
1038,2,49,256.6338219,345.9724614,88.77269277,174.1724828,1,-1,-1,-1
1038,2,30,980.1971988,276.6651108,72.86079094,179.6269838,1,-1,-1,-1
1039,2,49,256.676984,345.6987563,88.879247,174.569627,1,-1,-1,-1
1039,2,30,980.1456813,276.5703687,72.88812755,179.7902314,1,-1,-1,-1
1040,2,49,256.6090494,345.1930715,89.08924624,175.2698596,1,-1,-1,-1
1040,2,30,980.1259564,276.4094908,72.8820637,179.9695135,1,-1,-1,-1
1041,2,49,257.2335694,343.9284928,87.79396444,173.4699756,1,-1,-1,-1
1041,2,30,980.1173662,276.2677399,72.80914102,180.0491379,1,-1,-1,-1
1042,2,49,257.6123908,343.3209523,87.12037441,172.8739423,1,-1,-1,-1
1042,2,30,980.1166205,274.6799396,72.69526259,180.0533001,1,-1,-1,-1
1043,2,49,257.5411159,342.4007752,87.31394059,173.9579799,1,-1,-1,-1
1043,2,30,980.209691,273.9511005,72.49745661,180.0122568,1,-1,-1,-1
1044,2,49,257.4302266,341.6230936,87.57183602,175.1072084,1,-1,-1,-1
1044,2,30,980.3920691,273.4369765,72.25566189,179.9389624,1,-1,-1,-1
1045,2,49,257.2131684,340.909825,87.98031779,176.3140625,1,-1,-1,-1
1045,2,30,977.4197626,272.8379386,72.41903223,180.6740033,1,-1,-1,-1
1046,2,49,257.0687302,340.1211223,88.3364021,177.3763184,1,-1,-1,-1
1046,2,30,976.4538802,272.9976562,71.99844801,180.1762642,1,-1,-1,-1
1047,2,49,256.9610228,339.4509104,88.61833441,178.3428838,1,-1,-1,-1
1047,2,30,976.0963419,273.2731859,71.62169975,179.7709662,1,-1,-1,-1
1048,2,49,256.6230687,338.220578,89.39866086,180.0186089,1,-1,-1,-1
1048,2,30,975.9945281,274.0856216,71.15574885,178.5225331,1,-1,-1,-1
1049,2,49,256.8229474,336.2331557,88.79757337,179.1847556,1,-1,-1,-1
1049,2,30,973.4444934,275.9708045,69.9966034,174.7075229,1,-1,-1,-1
1050,2,49,256.5309766,335.0348346,89.07973043,179.8425187,1,-1,-1,-1
1050,2,30,972.2712853,278.748197,70.0731399,174.1088606,1,-1,-1,-1
1051,2,49,253.0182811,333.8008588,90.03594245,181.5284715,1,-1,-1,-1
1051,2,30,969.0525266,281.8167435,69.4089504,171.1298084,1,-1,-1,-1
1052,2,49,251.4157682,333.0378227,90.85448003,182.8992562,1,-1,-1,-1
1052,2,30,968.2653121,284.5580266,68.32973708,167.2151265,1,-1,-1,-1
1053,2,49,250.4179366,332.1872288,91.81418423,184.4724008,1,-1,-1,-1
1053,2,30,965.2791297,286.7630719,67.28413119,162.9683078,1,-1,-1,-1
1054,2,49,247.1976673,331.9780621,92.00077725,184.5816655,1,-1,-1,-1
1054,2,30,963.9874539,289.777633,67.19222539,161.2808032,1,-1,-1,-1
1055,2,49,245.236425,330.7146528,93.34553647,186.6432587,1,-1,-1,-1
1055,2,30,963.0649581,290.0492138,67.86887015,161.9287144,1,-1,-1,-1
1056,2,49,241.1665169,329.0638594,94.75452091,189.1487511,1,-1,-1,-1
1056,2,30,958.6944517,289.3470472,70.19225532,165.5799295,1,-1,-1,-1
1057,2,49,237.2153295,327.1396007,94.03606319,187.7458273,1,-1,-1,-1
1057,2,30,953.5612303,288.711978,71.79409098,168.0127363,1,-1,-1,-1
1058,2,49,232.1289032,325.0148563,94.80312049,189.4089898,1,-1,-1,-1
1058,2,30,948.8924951,289.3328263,71.67308208,167.2684578,1,-1,-1,-1
1059,2,49,226.7896238,322.9794455,96.00444929,192.0834362,1,-1,-1,-1
1059,2,30,944.4249186,290.0043631,71.15116713,166.0602723,1,-1,-1,-1
1060,2,49,221.7694345,319.9522003,95.98514294,192.7484355,1,-1,-1,-1
1060,2,30,936.0510228,290.2471578,72.21293988,169.5791438,1,-1,-1,-1
1061,2,49,216.0527494,316.6476744,97.81729856,197.0657706,1,-1,-1,-1
1061,2,30,933.0276552,288.6489365,71.77991778,169.8988255,1,-1,-1,-1
1062,2,49,210.3914685,314.0382399,99.29322001,200.8132696,1,-1,-1,-1
1062,2,30,929.3481009,288.1917887,70.86981828,169.4625942,1,-1,-1,-1
1063,2,49,202.6768638,310.2113915,99.3027716,202.8631633,1,-1,-1,-1
1063,2,30,922.4652181,287.9346365,69.78341966,168.3455122,1,-1,-1,-1
1064,2,49,196.0171653,306.956396,100.0845325,207.3064325,1,-1,-1,-1
1064,2,30,917.9012951,287.3346849,67.28669613,163.2131932,1,-1,-1,-1
1065,2,49,188.4856133,305.4527577,99.11220728,208.7583343,1,-1,-1,-1
1065,2,30,912.9665798,286.7278202,66.48297202,161.8036959,1,-1,-1,-1
1066,2,49,182.7547841,304.6544528,97.56992229,208.8830372,1,-1,-1,-1
1066,2,30,911.622027,285.8613975,59.2816346,143.4309335,1,-1,-1,-1
1067,2,49,177.7308768,304.1451839,96.31060837,209.510601,1,-1,-1,-1
1067,2,30,911.1988259,285.2510372,56.99179586,137.2729576,1,-1,-1,-1
1068,2,49,170.6559824,304.0495777,94.73421508,209.5642796,1,-1,-1,-1
1068,2,30,907.317803,286.2353054,63.40503068,153.0839673,1,-1,-1,-1
1069,2,49,165.4808083,305.3032448,92.67893126,208.031139,1,-1,-1,-1
1069,2,30,902.5460875,286.057898,66.44296174,159.8140116,1,-1,-1,-1
1070,2,49,158.2699719,306.4191045,91.35535981,207.0958034,1,-1,-1,-1
1070,2,30,897.4755863,287.9953116,68.19769135,163.0273776,1,-1,-1,-1
1071,2,49,152.3948524,308.9349654,90.81654395,206.7738962,1,-1,-1,-1
1071,2,30,889.1776756,288.1216485,69.72311254,165.7348146,1,-1,-1,-1
1072,2,49,147.3284885,310.5328213,90.1252373,205.4012043,1,-1,-1,-1
1072,2,30,882.6981636,287.4364285,71.12058367,167.5464576,1,-1,-1,-1
1073,2,49,142.3491018,311.0341725,90.22507868,205.3589818,1,-1,-1,-1
1073,2,30,876.9031986,287.1850597,72.14073419,168.2001886,1,-1,-1,-1
1074,2,49,137.3191208,311.1458081,90.58147876,205.6758396,1,-1,-1,-1
1074,2,30,871.3087395,286.9004549,73.40032019,168.938514,1,-1,-1,-1
1075,2,49,132.8331989,309.9277234,89.81298449,203.679932,1,-1,-1,-1
1075,2,30,868.6124283,286.2329196,74.73997565,170.5956351,1,-1,-1,-1
1076,2,49,128.5195019,309.766736,89.12480214,202.10896,1,-1,-1,-1
1076,2,30,864.0222258,285.1836139,76.73361577,173.1261754,1,-1,-1,-1
1077,2,49,123.9644401,309.4216757,88.89062441,201.6056523,1,-1,-1,-1
1077,2,30,861.8869237,283.9921421,78.48824424,175.4682881,1,-1,-1,-1
1078,2,49,119.1158888,308.055914,89.33733656,202.9887199,1,-1,-1,-1
1078,2,30,857.7449484,283.4819087,79.95696173,177.2174027,1,-1,-1,-1
1079,2,49,112.2379699,306.5771155,87.82967828,200.818503,1,-1,-1,-1
1079,2,30,852.9121239,282.5253718,81.57459085,179.1917067,1,-1,-1,-1
1080,2,49,106.5595656,305.2472844,87.54468166,201.7208664,1,-1,-1,-1
1080,2,30,847.9021131,282.0933893,82.5685903,180.2607093,1,-1,-1,-1
1081,2,49,101.0836786,302.8782227,88.33570989,205.6122287,1,-1,-1,-1
1081,2,30,842.9117933,281.3035915,83.41797413,181.9584762,1,-1,-1,-1
1082,2,49,96.02642437,300.6030081,88.32190661,207.8736714,1,-1,-1,-1
1082,2,30,838.3574672,281.6479837,83.18122748,181.278181,1,-1,-1,-1
1083,2,49,91.11108331,297.394501,88.00336259,209.3077148,1,-1,-1,-1
1083,2,30,836.3093811,281.3375161,83.43967347,182.1114403,1,-1,-1,-1
1084,2,49,86.77735151,296.7818032,87.03518347,208.7349492,1,-1,-1,-1
1084,2,30,832.377623,280.5860173,83.81015408,182.9941647,1,-1,-1,-1
1085,2,49,82.69241036,297.4849991,85.6986085,206.7730028,1,-1,-1,-1
1085,2,30,827.7943243,279.9658099,84.38194275,184.8842051,1,-1,-1,-1
1086,2,49,78.5455934,298.3006445,84.45430094,204.8611015,1,-1,-1,-1
1086,2,30,822.9117764,279.2891817,84.74383701,186.7795697,1,-1,-1,-1
1087,2,49,74.15179281,298.3826681,84.18647041,204.6446631,1,-1,-1,-1
1087,2,30,818.9623387,280.3020158,83.59877928,184.9265553,1,-1,-1,-1
1088,2,49,69.95054398,299.1160856,83.80089188,203.4107125,1,-1,-1,-1
1088,2,30,814.5161131,283.23472,83.28344862,184.9603419,1,-1,-1,-1
1089,2,49,67.92055995,298.7092909,84.26184191,204.3821438,1,-1,-1,-1
1089,2,30,810.282868,287.5902343,82.28614202,183.6229724,1,-1,-1,-1
1090,2,49,64.66525864,298.4891455,84.08524803,204.4521493,1,-1,-1,-1
1090,2,30,806.0275509,291.0258499,80.60312538,180.8638467,1,-1,-1,-1
1091,2,49,63.27465107,297.6192505,84.21866501,205.4851061,1,-1,-1,-1
1091,2,30,801.3643758,292.4371994,80.09944572,179.6632876,1,-1,-1,-1
1092,2,49,61.00834912,296.3640263,82.61075128,202.327236,1,-1,-1,-1
1092,2,30,796.6672825,293.3763447,79.85266057,178.4144653,1,-1,-1,-1
1093,2,49,59.70308417,294.7322435,82.63921492,203.5144526,1,-1,-1,-1
1093,2,30,788.3963334,292.927034,80.97959308,179.0529774,1,-1,-1,-1
1094,2,49,59.34545146,293.831493,82.34242119,204.3210996,1,-1,-1,-1
1094,2,30,778.9359898,292.5406453,81.79456803,178.6091208,1,-1,-1,-1
1095,2,49,59.41326087,293.1461822,81.89679767,204.6295097,1,-1,-1,-1
1095,2,30,771.7572622,292.4679994,83.09089549,178.5698016,1,-1,-1,-1
1096,2,49,59.80346348,292.7144407,81.29800768,204.3388134,1,-1,-1,-1
1096,2,30,763.0937426,290.1692535,83.54427227,177.2479772,1,-1,-1,-1
1097,2,49,58.13132764,291.3937702,79.92315448,202.0712119,1,-1,-1,-1
1097,2,30,755.0900813,291.5214044,81.37721853,172.1953895,1,-1,-1,-1
1098,2,49,57.39107213,290.1721815,79.78565437,202.7307461,1,-1,-1,-1
1098,2,30,744.1414885,294.6195018,77.7094987,165.5427585,1,-1,-1,-1
1099,2,49,57.23689383,289.6468333,79.43074026,202.8453806,1,-1,-1,-1
1099,2,30,737.1191025,295.1756888,76.55678261,164.0294589,1,-1,-1,-1
1100,2,49,57.21243272,289.0594794,79.34670128,203.6758361,1,-1,-1,-1
1100,2,30,731.6075947,297.4953463,76.02823239,164.2769258,1,-1,-1,-1
1101,2,49,57.3594354,288.8762832,79.0601905,203.7067866,1,-1,-1,-1
1101,2,30,720.1631934,294.7189803,76.4656223,166.7262011,1,-1,-1,-1
1102,2,49,57.66533387,288.7322531,78.77816147,203.7404861,1,-1,-1,-1
1102,2,30,712.1479404,290.768967,78.02364218,171.744514,1,-1,-1,-1
1103,2,49,60.67404758,288.4349236,78.66888498,203.9275207,1,-1,-1,-1
1103,2,30,706.424034,285.5862908,78.7028448,175.3216102,1,-1,-1,-1
1104,2,49,62.10682677,288.7048562,78.32381764,203.2478376,1,-1,-1,-1
1104,2,30,702.0689364,282.4701354,76.97248032,173.1284711,1,-1,-1,-1
1105,2,49,63.21739641,289.4874887,77.48825517,201.3516296,1,-1,-1,-1
1105,2,30,697.2023599,279.8231897,71.46711488,163.0597052,1,-1,-1,-1
1106,2,49,64.0615832,290.4395412,76.7143695,199.3088158,1,-1,-1,-1
1106,2,30,691.001833,269.0045383,71.78170465,166.073656,1,-1,-1,-1
1107,2,49,67.09379832,290.7987719,76.39121424,198.4950181,1,-1,-1,-1
1107,2,30,681.3731316,271.8889142,68.59884612,159.880843,1,-1,-1,-1
1108,2,49,69.07953343,290.12754,74.97391715,194.8084269,1,-1,-1,-1
1108,2,30,670.7987304,270.7754539,69.02515709,162.260984,1,-1,-1,-1
1109,2,49,70.39398192,287.863269,73.68787634,191.6267933,1,-1,-1,-1
1109,2,30,665.1174156,273.5828548,67.20957692,156.9437974,1,-1,-1,-1
1110,2,49,71.16889785,286.8059791,72.70389573,189.9444735,1,-1,-1,-1
1110,2,30,659.6926417,274.8639888,66.99775932,155.1793845,1,-1,-1,-1
1111,2,49,75.99001262,284.5332191,68.88815326,180.3329863,1,-1,-1,-1
1111,2,30,651.6464913,275.3342916,66.70585866,153.9825177,1,-1,-1,-1
1112,2,49,81.17358621,282.4351153,66.43595353,173.8216259,1,-1,-1,-1
1112,2,30,642.3264455,274.4536139,67.58065344,155.44866,1,-1,-1,-1
1113,2,49,83.68959326,282.0927274,65.59311115,171.3855222,1,-1,-1,-1
1113,2,30,632.1449984,269.6024599,69.797048,159.9985767,1,-1,-1,-1
1114,2,49,87.93964202,283.2849777,64.03319899,166.7070753,1,-1,-1,-1
1114,2,30,627.4765954,265.0263224,71.97326798,165.5469771,1,-1,-1,-1
1115,2,49,89.07293739,285.5623027,65.1476807,168.580718,1,-1,-1,-1
1115,2,30,622.6702576,259.4709027,73.76098067,170.4135326,1,-1,-1,-1
1116,2,49,91.37411575,287.744331,67.14118096,171.8078669,1,-1,-1,-1
1116,2,30,612.9167877,246.5148398,78.28495795,181.1944691,1,-1,-1,-1
1117,2,49,94.72715222,287.8510815,68.94653845,174.6086452,1,-1,-1,-1
1117,2,30,600.3927348,221.8812761,85.89954982,200.3459489,1,-1,-1,-1
1118,2,49,95.26827206,284.2248081,71.12067123,178.2868338,1,-1,-1,-1
1118,2,30,595.1561554,211.3436191,83.6190364,198.2154346,1,-1,-1,-1
1119,2,49,98.09127324,282.0898683,72.70938382,180.3883622,1,-1,-1,-1
1120,2,49,102.0664825,280.9334664,73.63245119,180.9079472,1,-1,-1,-1
1121,2,49,106.7441447,277.893213,74.29086302,180.5352664,1,-1,-1,-1
1122,2,49,115.6120686,277.3667695,72.07884109,173.3622503,1,-1,-1,-1
1123,2,49,122.871109,275.8830116,69.78922865,166.5487119,1,-1,-1,-1
1124,2,49,130.0639744,278.7081547,66.15355672,157.7119115,1,-1,-1,-1
1125,2,49,139.8409479,281.7960352,63.05626274,150.5217281,1,-1,-1,-1
1126,2,49,143.8859394,287.5455195,60.51889533,144.8739871,1,-1,-1,-1
1127,2,49,154.2439606,284.6602955,61.07138721,146.3529556,1,-1,-1,-1
1128,2,49,163.385172,281.9843241,62.20312188,149.8105029,1,-1,-1,-1
1129,2,49,169.8554837,279.7663498,62.01931768,149.5592011,1,-1,-1,-1
1130,2,49,175.0084537,277.4679645,62.92217666,152.074425,1,-1,-1,-1
1131,2,49,179.6910226,275.412688,63.86655581,154.4757706,1,-1,-1,-1
1132,2,49,184.6168256,272.6489389,64.00956215,154.5432856,1,-1,-1,-1
1133,2,49,191.924615,270.3308838,64.66713344,155.8946025,1,-1,-1,-1
1134,2,49,197.9323163,267.4520336,64.43067059,155.1421038,1,-1,-1,-1
1135,2,49,203.2681662,265.9867229,64.35960724,154.7437917,1,-1,-1,-1
1136,2,49,208.9001168,264.2479028,63.10017041,151.9254645,1,-1,-1,-1
1137,2,49,213.5096625,262.832451,63.20703594,152.5856156,1,-1,-1,-1
1138,2,49,217.829215,261.0590125,63.68652693,154.2713931,1,-1,-1,-1
1139,2,49,222.4495416,259.4046169,64.13407792,155.9036033,1,-1,-1,-1
1140,2,49,227.5988132,257.0030028,63.52651798,155.680967,1,-1,-1,-1
1140,2,30,487.0521497,249.5652711,63.70589367,148.6954936,1,-1,-1,-1
1141,2,49,231.7561706,253.466756,64.77065453,159.9454683,1,-1,-1,-1
1141,2,30,481.7014506,252.8451578,65.40400902,150.8195943,1,-1,-1,-1
1142,2,49,236.1388414,250.9545001,65.61048129,163.2639261,1,-1,-1,-1
1142,2,30,480.6729703,255.9897374,64.16697365,147.4240242,1,-1,-1,-1
1143,2,49,240.5585723,247.4352084,66.13639311,165.2346243,1,-1,-1,-1
1143,2,30,481.3597611,260.9368085,62.26532181,143.598464,1,-1,-1,-1
1144,2,49,244.8212837,244.8142745,66.95269994,167.3779666,1,-1,-1,-1
1144,2,30,482.2343202,263.375363,60.87959421,141.0611717,1,-1,-1,-1
1145,2,49,248.9270734,242.9577881,67.8354909,169.8214128,1,-1,-1,-1
1145,2,30,482.5343809,263.2793007,60.95460932,141.7096808,1,-1,-1,-1
1146,2,49,253.2696531,240.5694312,68.07907594,170.4654517,1,-1,-1,-1
1146,2,30,482.7970564,260.4742557,60.90243336,141.797814,1,-1,-1,-1
1147,2,49,257.7305602,239.8335244,68.02758634,170.1071812,1,-1,-1,-1
1147,2,30,482.6946944,257.909484,61.76883466,144.3781114,1,-1,-1,-1
1148,2,49,259.4124981,238.7699798,68.67610103,171.0110294,1,-1,-1,-1
1148,2,30,485.1466125,255.8496603,62.95883924,147.1490061,1,-1,-1,-1
1149,2,49,262.6605295,238.3643929,69.33064615,171.9332651,1,-1,-1,-1
1149,2,30,486.1701732,251.426825,63.65434571,149.2093013,1,-1,-1,-1
1150,2,49,266.311701,237.5270334,70.35961304,173.7756551,1,-1,-1,-1
1150,2,30,486.1542362,247.6030159,65.33424659,153.8691359,1,-1,-1,-1
1151,2,49,270.6062364,237.1995429,70.84898046,174.2341515,1,-1,-1,-1
1151,2,30,488.8850965,243.1125047,66.16726728,156.1090706,1,-1,-1,-1
1152,2,49,274.8226778,236.9001372,71.38804565,175.2151936,1,-1,-1,-1
1152,2,30,490.4745595,239.0060563,65.92554627,156.2563356,1,-1,-1,-1
1153,2,49,279.5442895,237.1682587,71.0848806,174.2479132,1,-1,-1,-1
1153,2,30,491.0171084,236.7649531,66.23994826,157.4557334,1,-1,-1,-1
1154,2,49,284.4733246,237.0493869,70.91591241,173.8869347,1,-1,-1,-1
1154,2,30,494.0479275,235.6653506,66.23801811,158.2368131,1,-1,-1,-1
1155,2,49,289.6556492,237.489398,70.02697946,172.5401051,1,-1,-1,-1
1155,2,30,498.8215875,235.5873731,65.11822257,157.5010197,1,-1,-1,-1
1156,2,49,294.623419,237.2216874,69.55799852,173.0435054,1,-1,-1,-1
1156,2,30,501.0961822,235.8136545,64.36702907,157.4959938,1,-1,-1,-1
1157,2,49,299.8413587,237.5158818,68.84331202,172.5000066,1,-1,-1,-1
1157,2,30,505.363947,236.243858,63.24376049,156.3331681,1,-1,-1,-1
1158,2,49,304.8489606,238.243358,67.73736581,170.7416684,1,-1,-1,-1
1158,2,30,510.070709,235.946597,62.99194998,157.3910955,1,-1,-1,-1
1159,2,49,309.6877075,238.4653905,67.59178139,170.4828348,1,-1,-1,-1
1159,2,30,514.7633398,235.6697168,62.73459754,158.2939694,1,-1,-1,-1
1160,2,49,314.392152,237.9800701,67.75503191,170.8780835,1,-1,-1,-1
1160,2,30,519.1106021,234.6836486,63.10050887,160.2939034,1,-1,-1,-1
1161,2,49,316.1081364,237.0497954,68.63035733,173.0493417,1,-1,-1,-1
1161,2,30,520.8400519,234.0998804,63.21006741,161.3402758,1,-1,-1,-1
1162,2,49,322.6277855,237.9305698,68.11530129,171.4428714,1,-1,-1,-1
1162,2,30,522.2692391,234.6746387,62.47426484,160.4642299,1,-1,-1,-1
1163,2,49,325.1151906,237.5879928,68.59999748,172.2550119,1,-1,-1,-1
1163,2,30,525.5437256,234.8694123,62.07072694,160.377921,1,-1,-1,-1
1164,2,49,328.129436,235.6810433,70.05678461,175.654767,1,-1,-1,-1
1164,2,30,527.3331435,235.4970442,61.395431,159.126658,1,-1,-1,-1
1165,2,49,332.2305797,235.5096164,70.29582053,176.7216739,1,-1,-1,-1
1165,2,30,530.3243917,236.8811292,62.43512764,162.3814284,1,-1,-1,-1
1166,2,49,334.3016899,233.3966461,69.7714711,176.2293522,1,-1,-1,-1
1166,2,30,534.1757539,237.1149707,63.04209063,164.3222931,1,-1,-1,-1
1167,2,49,338.3417221,233.1998396,68.75474314,174.7362255,1,-1,-1,-1
1167,2,30,539.5426897,238.8135489,61.85661817,161.5991821,1,-1,-1,-1
1168,2,49,343.4249898,233.9111114,67.16362979,171.8868077,1,-1,-1,-1
1168,2,30,544.918031,240.3555825,60.76508954,158.9055587,1,-1,-1,-1
1169,2,49,349.2393062,235.1806915,65.25052646,168.3183374,1,-1,-1,-1
1169,2,30,550.0897726,241.9906568,59.48730438,155.6716608,1,-1,-1,-1
1650,3,30,576.9726589,234.9558614,60.06144829,157.3908721,1,-1,-1,-1
1651,3,30,586.8569052,232.5878531,60.05319377,157.6461967,1,-1,-1,-1
1652,3,30,589.4071302,232.0089003,61.82033837,162.4669422,1,-1,-1,-1
1653,3,30,590.2306632,231.9420293,62.43909545,164.2002285,1,-1,-1,-1
1654,3,30,590.3787993,231.865659,62.64563306,164.8884405,1,-1,-1,-1
1655,3,30,591.0931868,231.5445916,60.81750931,160.2837784,1,-1,-1,-1
1656,3,30,591.1781869,231.7081035,59.87670936,157.9085811,1,-1,-1,-1
1657,3,30,591.1892078,232.0721567,59.30339879,156.4176357,1,-1,-1,-1
1658,3,30,590.0075288,232.6428418,60.98507133,160.7169385,1,-1,-1,-1
1659,3,30,589.4201119,232.9193496,61.65546614,162.2465572,1,-1,-1,-1
1660,3,30,589.1249476,233.246271,61.81307224,162.4490553,1,-1,-1,-1
1661,3,30,588.9206959,233.4524632,61.92638469,162.4353129,1,-1,-1,-1
1662,3,30,588.8111421,233.735976,61.88017469,162.0199253,1,-1,-1,-1
1663,3,30,588.522959,233.4231196,62.26806995,162.7726807,1,-1,-1,-1
1664,3,30,588.398239,233.5417159,62.37753329,162.6016272,1,-1,-1,-1
1665,3,30,588.2943984,233.8140916,62.42508019,162.1512797,1,-1,-1,-1
1666,3,30,588.0544429,233.9542954,62.65192212,161.9510777,1,-1,-1,-1
1667,3,30,587.8219007,234.285274,62.75485393,161.3221706,1,-1,-1,-1
1668,3,30,584.898769,234.7875555,62.40450802,160.2103391,1,-1,-1,-1
1669,3,30,583.7163077,235.1982305,62.21751449,159.3939369,1,-1,-1,-1
1670,3,30,583.1103768,235.1915459,62.2571256,159.3239768,1,-1,-1,-1
1671,3,30,582.6891621,235.0441648,62.48224692,159.67181,1,-1,-1,-1
1672,3,30,582.4257343,234.8197793,62.85201748,160.4023871,1,-1,-1,-1
1686,3,30,572.5965877,242.6646979,55.40218875,144.2272387,1,-1,-1,-1
1687,3,30,572.752558,243.1396398,54.26375076,143.3844768,1,-1,-1,-1
1688,3,30,571.290817,243.1594784,56.3269997,149.7216967,1,-1,-1,-1
1689,3,30,567.7937652,243.1870802,57.02469561,152.5054789,1,-1,-1,-1
1690,3,30,562.146262,243.3637852,59.50438089,159.2731243,1,-1,-1,-1
1691,3,30,557.3146599,244.6564784,59.95764821,159.5132049,1,-1,-1,-1
1692,3,30,552.6498038,246.1248772,59.65756262,157.2989958,1,-1,-1,-1
1693,3,30,550.4807439,246.1325186,60.32083473,157.7513963,1,-1,-1,-1
1694,3,30,546.7225352,246.5439017,60.5352186,157.1245668,1,-1,-1,-1
1695,3,30,545.0137241,246.3388582,60.98695883,157.5299885,1,-1,-1,-1
1696,3,30,541.1906071,245.4682035,61.82542762,158.9220816,1,-1,-1,-1
1697,3,30,539.0634012,244.2488073,63.13572196,161.3736729,1,-1,-1,-1
1698,3,30,535.4477432,244.0969331,63.17761684,161.6806477,1,-1,-1,-1
1699,3,30,530.9082855,243.1244403,63.35389287,162.8127764,1,-1,-1,-1
1700,3,30,526.1723227,242.1435199,63.71125363,164.426771,1,-1,-1,-1
1701,3,30,520.9190085,237.4479803,64.95902237,168.3348139,1,-1,-1,-1
1702,3,30,515.7799817,234.1064986,65.93829871,172.1546283,1,-1,-1,-1
1703,3,30,511.8601846,238.7804595,64.5011031,168.4162839,1,-1,-1,-1
1704,3,30,508.8464383,234.1587477,66.20704605,173.5314492,1,-1,-1,-1
1705,3,30,504.886647,232.0059372,67.11038768,175.7557352,1,-1,-1,-1
1706,3,30,500.6351307,232.3899177,67.03847639,174.7878087,1,-1,-1,-1
1707,3,30,495.4735514,230.7814457,68.48874524,177.1183781,1,-1,-1,-1
1708,3,30,490.2450875,230.6128808,69.4268274,177.4083575,1,-1,-1,-1
1709,3,30,488.1694525,231.5202136,69.71764542,175.914058,1,-1,-1,-1
1710,3,30,483.5966626,227.2452371,71.65035628,179.2679319,1,-1,-1,-1
1711,3,30,479.2046301,226.9797718,71.78196091,177.7419292,1,-1,-1,-1
1712,3,30,475.8370735,233.0860163,69.47572385,170.1645466,1,-1,-1,-1
1713,3,30,471.8390373,237.0730616,67.99829041,164.419384,1,-1,-1,-1
1714,3,30,467.564698,239.7391701,66.94963905,160.0713973,1,-1,-1,-1
1715,3,30,465.6487818,240.493041,66.75344232,158.4216565,1,-1,-1,-1
1716,3,30,461.928575,240.8644979,66.76658026,157.5440031,1,-1,-1,-1
1717,3,30,456.9701668,240.2237341,68.09350396,159.3765296,1,-1,-1,-1
1718,3,30,454.9581853,240.1922148,68.62165025,159.6434664,1,-1,-1,-1
1719,3,30,451.3369204,239.8401182,69.2012651,160.5670509,1,-1,-1,-1
1720,3,30,449.8931776,239.4797907,69.27012772,160.6918372,1,-1,-1,-1
1721,3,30,447.1174229,239.7117897,68.94571169,159.9853583,1,-1,-1,-1
1722,3,30,445.8783012,239.2461649,69.43099616,161.1456809,1,-1,-1,-1
1723,3,30,445.3017716,238.6680715,69.78445101,162.1939138,1,-1,-1,-1
1724,3,30,445.3383709,239.0656338,69.40084024,161.4995402,1,-1,-1,-1
1725,3,30,445.7323808,239.437657,68.91911946,160.6677416,1,-1,-1,-1
1726,3,30,445.9580219,239.4568504,68.76977149,160.5720992,1,-1,-1,-1
1727,3,30,446.3725861,239.7502784,68.36508913,160.1027139,1,-1,-1,-1
1728,3,30,446.5878462,240.0255582,68.17160006,160.0154131,1,-1,-1,-1
1729,3,30,446.8835745,240.0535486,67.79325568,159.6362546,1,-1,-1,-1
1730,3,30,447.2528373,240.4454794,67.39230497,159.0199536,1,-1,-1,-1
1731,3,30,447.2180422,240.3106725,67.59498837,159.7723358,1,-1,-1,-1
1732,3,30,447.1832674,240.0243053,67.73033476,160.3699783,1,-1,-1,-1
1733,3,30,447.1934581,239.830797,67.83859407,160.7571534,1,-1,-1,-1
1734,3,30,446.9942627,239.3447138,68.43193141,162.0805751,1,-1,-1,-1
1735,3,30,446.8034558,240.7534066,69.16520743,163.5617082,1,-1,-1,-1
1736,3,30,446.8014439,241.3089112,69.40251471,164.027014,1,-1,-1,-1
1737,3,30,446.8942432,241.5829448,69.46853963,163.9873672,1,-1,-1,-1
1738,3,30,447.0825211,240.3055902,68.89788276,162.8242718,1,-1,-1,-1
1739,3,30,447.1242061,239.882666,68.63175024,162.3586578,1,-1,-1,-1
1740,3,30,447.2123878,239.762002,68.46067485,162.0067018,1,-1,-1,-1
1741,3,30,447.3243386,239.8838509,68.30672139,161.5667301,1,-1,-1,-1
1742,3,30,447.3966238,240.0089398,68.21983609,161.2564366,1,-1,-1,-1
1743,3,30,447.1782049,241.3216036,68.8388945,162.3903452,1,-1,-1,-1
1744,3,30,446.9961627,241.9187582,69.11393877,162.7174682,1,-1,-1,-1
1745,3,30,446.7731319,242.1125006,69.32730498,162.9259086,1,-1,-1,-1
1746,3,30,446.5953214,242.1161771,69.49877433,163.1908561,1,-1,-1,-1
1747,3,30,446.3947822,242.0898008,69.56044312,163.2759153,1,-1,-1,-1
1748,3,30,446.3452487,242.2290239,69.4627669,163.0109368,1,-1,-1,-1
1749,3,30,446.1218127,241.9925112,69.68113585,163.4522974,1,-1,-1,-1
1750,3,30,445.901531,241.8043838,69.82955868,163.8134165,1,-1,-1,-1
1751,3,30,445.7453568,241.72028,69.95802145,164.0513512,1,-1,-1,-1
1752,3,30,443.5607176,242.2833325,69.64482566,162.9999395,1,-1,-1,-1
1753,3,30,442.7627314,242.8775634,69.42004615,162.1583144,1,-1,-1,-1
1754,3,30,442.3990027,242.9835643,69.37531593,161.9577014,1,-1,-1,-1
1755,3,30,442.2697405,243.3262007,69.17434915,161.3719985,1,-1,-1,-1
1756,3,30,442.2185294,243.8112233,68.9460008,160.6610165,1,-1,-1,-1
1757,3,30,441.8442821,243.5271434,69.36276502,161.3257841,1,-1,-1,-1
1758,3,30,441.6152307,243.2084174,69.62185213,161.7394875,1,-1,-1,-1
1759,3,30,441.3029431,243.194792,69.86239668,162.0734684,1,-1,-1,-1
1760,3,30,441.1524413,243.3544208,69.92734631,162.097433,1,-1,-1,-1
1761,3,30,441.0870685,243.3252775,70.08719304,162.2786785,1,-1,-1,-1
1762,3,30,441.2115637,243.4690685,70.00023851,161.7583266,1,-1,-1,-1
1763,3,30,441.5214085,244.2108725,69.39159536,159.9521162,1,-1,-1,-1
1764,3,30,439.3852704,245.3405304,68.52925065,157.5831247,1,-1,-1,-1
1765,3,30,438.4622551,246.0712808,68.12244958,156.1865034,1,-1,-1,-1
1766,3,30,438.1307398,246.9924073,67.70378393,154.5469247,1,-1,-1,-1
1767,3,30,435.7059722,249.2668566,66.18188533,150.70003,1,-1,-1,-1
1768,3,30,434.9922326,253.8440468,65.18328968,147.4827116,1,-1,-1,-1
1769,3,30,435.0883156,257.2786464,63.89367677,144.0176669,1,-1,-1,-1
1770,3,30,434.8638388,260.6114309,64.07993439,143.8429626,1,-1,-1,-1
1771,3,30,434.8808301,263.2316143,63.50699193,141.7287954,1,-1,-1,-1
1772,3,30,435.2391093,265.2969384,62.52793738,139.1918912,1,-1,-1,-1
1773,3,30,435.0400071,267.4633654,63.04207964,140.063622,1,-1,-1,-1
1774,3,30,432.3702066,268.747487,62.65711809,139.2228573,1,-1,-1,-1
1775,3,30,431.2971175,269.2819188,62.49203568,138.6430924,1,-1,-1,-1
1776,3,30,430.4321576,268.5948339,63.19006207,140.2592216,1,-1,-1,-1
1777,3,30,430.2106979,268.1949422,63.68140729,141.3786373,1,-1,-1,-1
1778,3,30,431.6663636,268.0479823,66.54761884,148.356318,1,-1,-1,-1
1779,3,30,432.0492047,267.6042754,68.0031848,152.5793215,1,-1,-1,-1
1780,3,30,432.0894834,268.8777508,69.01426638,155.7481312,1,-1,-1,-1
1781,3,30,432.7503515,270.3396563,68.43163836,155.1538602,1,-1,-1,-1
1782,3,30,435.9805037,270.8755937,68.06290385,154.973029,1,-1,-1,-1
1783,3,30,437.3962187,271.0585631,67.95306096,154.6813362,1,-1,-1,-1
1784,3,30,440.7154185,271.0008792,68.08442539,154.8219303,1,-1,-1,-1
1785,3,30,441.9334532,270.4303327,68.42255199,155.8084586,1,-1,-1,-1
1786,3,30,445.9477668,268.9016031,67.39319861,153.9464609,1,-1,-1,-1
1787,3,30,447.5717241,267.870569,67.29302464,154.0202788,1,-1,-1,-1
1788,3,30,451.6177411,268.4602833,66.21833296,151.7841868,1,-1,-1,-1
1789,3,30,455.2897771,269.4852992,67.25685708,154.5823312,1,-1,-1,-1
1790,3,30,457.7431698,270.9253325,66.33606011,153.0029352,1,-1,-1,-1
1791,3,30,461.7985453,272.8691713,65.04352819,150.6222882,1,-1,-1,-1
1792,3,30,463.6123096,274.0130344,64.12993028,149.1323764,1,-1,-1,-1
1793,3,30,465.3454362,276.9896421,61.86234046,144.0897037,1,-1,-1,-1
1794,3,30,465.9574283,280.3179332,61.22660593,142.9864534,1,-1,-1,-1
1795,3,30,466.6618242,283.1661882,59.75707396,140.0832551,1,-1,-1,-1
1796,3,30,470.0588559,284.8344082,58.64717992,138.0450698,1,-1,-1,-1
1797,3,30,471.5664001,285.7977546,57.85056273,136.2818918,1,-1,-1,-1
1798,3,30,471.6351278,288.0544752,58.23481078,137.0970606,1,-1,-1,-1
1799,3,30,471.6497534,288.4771368,58.52209711,138.3356325,1,-1,-1,-1
1800,3,30,471.1847845,287.2680437,59.59985469,141.3538221,1,-1,-1,-1
1801,3,30,472.7017704,287.1955025,62.57333019,148.2277324,1,-1,-1,-1
1802,3,30,472.9199844,283.6921453,64.3621228,152.2868404,1,-1,-1,-1
1803,3,30,472.129062,280.2270269,66.8111643,157.7624158,1,-1,-1,-1
1804,3,30,471.0097737,276.3199111,69.06264454,163.2323178,1,-1,-1,-1
1805,3,30,470.3459793,272.052727,70.20452448,166.2553928,1,-1,-1,-1
1806,3,30,467.4469386,267.9718273,69.93658387,166.7424119,1,-1,-1,-1
1807,3,30,463.7177617,263.8460032,68.98056473,165.9056025,1,-1,-1,-1
1808,3,30,458.9421803,260.5399075,69.26188787,167.9468184,1,-1,-1,-1
1809,3,30,457.1620193,257.3872483,68.23856346,166.7983096,1,-1,-1,-1
1810,3,30,453.4872357,254.829467,68.54620432,168.668104,1,-1,-1,-1
1811,3,30,451.2899813,252.4612468,64.64678288,159.6845557,1,-1,-1,-1
1812,3,30,449.6793582,250.5713426,63.85390743,158.2606696,1,-1,-1,-1
1813,3,30,448.9662161,249.9556986,63.59980384,157.7957763,1,-1,-1,-1
1814,3,30,446.453617,250.3288609,62.72039039,156.0858812,1,-1,-1,-1
1815,3,30,445.2800531,250.1203669,62.54553287,156.1463205,1,-1,-1,-1
1816,3,30,444.2907602,249.3288837,63.27520428,158.2955137,1,-1,-1,-1
1817,3,30,442.5464557,248.7162945,66.23608226,165.8975185,1,-1,-1,-1
1818,3,30,440.1170906,250.2051752,65.76064222,165.2470479,1,-1,-1,-1
1819,3,30,438.6388721,249.7047181,66.41146097,167.3665071,1,-1,-1,-1
1820,3,30,438.9833135,249.3115972,64.43757135,162.6376364,1,-1,-1,-1
1821,3,30,436.7782686,249.6235865,63.36170091,159.8887767,1,-1,-1,-1
1822,3,30,437.2990594,250.0029683,65.14104461,164.2208226,1,-1,-1,-1
1823,3,30,437.6559017,250.6004558,65.56682377,165.312258,1,-1,-1,-1
1824,3,30,437.89301,250.7392303,65.84276365,165.9421369,1,-1,-1,-1
1825,3,30,438.190673,251.0060501,65.48970063,165.2965786,1,-1,-1,-1
1826,3,30,439.2346563,250.0914155,63.94509943,161.7051268,1,-1,-1,-1
1827,3,30,440.1790467,250.4562417,62.49649276,158.6675746,1,-1,-1,-1
1828,3,30,441.2405485,251.5190204,61.09493762,155.7964238,1,-1,-1,-1
1829,3,30,443.2233392,252.073376,62.52743403,160.1206951,1,-1,-1,-1